tracking_number,package_type,carrier,weight_kg,length_cm,width_cm,height_cm,volume_cm3,origin_city,origin_state,origin_zip,destination_city,destination_state,destination_zip,current_status,estimated_delivery,actual_delivery,special_handling,insurance_value,signature_required,description
UPS212189171,Fragile,UPS,18.36,17.99,46.3,17.94,14942.89,Jacksonville,Nevada,57254,Seattle,Ohio,96171,PackageStatus.DELIVERED,2025-06-07 16:52:08,,True,,False,"Fragile package weighing 18.36kg, dimensions: 17.99x46.3x17.94cm, volume: 14942.89cm³"
Fed693941012,Express,FedEx,40.55,9.06,94.0,30.37,25864.31,Sacramento,South Carolina,94430,Hialeah,Alabama,81544,PackageStatus.DELIVERED,2025-06-02 08:36:13,,False,,True,"Express package weighing 40.55kg, dimensions: 9.06x94.0x30.37cm, volume: 25864.31cm³"
DHL359638010,Express,DHL,43.28,63.68,18.34,41.65,48642.67,Austin,Wisconsin,56260,Laredo,Connecticut,95884,PackageStatus.IN_TRANSIT,2025-06-03 04:45:07,,False,,True,"Express package weighing 43.28kg, dimensions: 63.68x18.34x41.65cm, volume: 48642.67cm³"
UPS861730847,Standard,UPS,3.45,54.17,36.53,5.05,9993.09,Hialeah,New Jersey,89102,Orlando,Georgia,92594,PackageStatus.DELIVERED,2025-06-08 07:49:53,,False,731.92,True,"Standard package weighing 3.45kg, dimensions: 54.17x36.53x5.05cm, volume: 9993.09cm³"
USP228720101,International,USPS,5.38,14.13,29.73,90.0,37807.64,Winston-Salem,Mississippi,56264,Cincinnati,West Virginia,92058,PackageStatus.DELIVERED,2025-06-06 03:25:08,,False,,True,"International package weighing 5.38kg, dimensions: 14.13x29.73x90.0cm, volume: 37807.64cm³"
DHL829612681,Standard,DHL,42.05,76.36,11.5,90.62,79577.05,Seattle,South Carolina,56381,Sacramento,Connecticut,93614,PackageStatus.DELIVERED,2025-06-07 15:36:08,,False,,False,"Standard package weighing 42.05kg, dimensions: 76.36x11.5x90.62cm, volume: 79577.05cm³"
DHL784748644,Priority,DHL,24.53,17.39,8.84,47.23,7260.55,St. Paul,Oklahoma,94257,Aurora,Maryland,70207,PackageStatus.OUT_FOR_DELIVERY,2025-06-08 13:04:34,,False,,True,"Priority package weighing 24.53kg, dimensions: 17.39x8.84x47.23cm, volume: 7260.55cm³"
UPS444530304,Express,UPS,4.03,10.21,53.84,52.2,28694.67,New York,Pennsylvania,67581,Baton Rouge,California,58555,PackageStatus.DELIVERED,2025-06-09 16:57:06,,False,,False,"Express package weighing 4.03kg, dimensions: 10.21x53.84x52.2cm, volume: 28694.67cm³"
USP11532327,Hazardous Materials,USPS,37.87,5.47,74.37,83.91,34134.92,Arlington,North Carolina,30852,Fresno,Arizona,79158,PackageStatus.DELIVERED,2025-06-10 22:03:40,,True,2507.77,True,"Hazardous Materials package weighing 37.87kg, dimensions: 5.47x74.37x83.91cm, volume: 34134.92cm³"
DHL511884139,Fragile,DHL,28.37,43.6,21.43,78.19,73056.67,Columbus,New York,60678,Cincinnati,Arkansas,38217,PackageStatus.DELIVERED,2025-06-04 22:41:56,,True,,False,"Fragile package weighing 28.37kg, dimensions: 43.6x21.43x78.19cm, volume: 73056.67cm³"
Fed604884711,International,FedEx,35.02,60.66,62.68,60.07,228396.28,Raleigh,Montana,39599,Fresno,Indiana,42626,PackageStatus.DELIVERED,2025-06-07 19:12:53,,False,4219.81,False,"International package weighing 35.02kg, dimensions: 60.66x62.68x60.07cm, volume: 228396.28cm³"
UPS447668241,Refrigerated,UPS,17.7,35.32,51.55,5.01,9121.94,Tulsa,Minnesota,67108,San Bernardino,New Hampshire,11185,PackageStatus.DELIVERED,2025-06-10 12:12:10,,True,,False,"Refrigerated package weighing 17.7kg, dimensions: 35.32x51.55x5.01cm, volume: 9121.94cm³"
UPS781698757,Standard,UPS,30.96,40.37,66.91,53.44,144349.81,St. Louis,Louisiana,97844,Boston,Rhode Island,19014,PackageStatus.DELIVERED,2025-06-02 20:52:59,,False,,False,"Standard package weighing 30.96kg, dimensions: 40.37x66.91x53.44cm, volume: 144349.81cm³"
DHL426430792,International,DHL,27.53,86.12,82.66,61.15,435307.23,Albuquerque,Louisiana,86135,Denver,Louisiana,75985,PackageStatus.OUT_FOR_DELIVERY,2025-06-03 17:45:49,,False,2770.89,False,"International package weighing 27.53kg, dimensions: 86.12x82.66x61.15cm, volume: 435307.23cm³"
UPS434284133,Express,UPS,12.59,56.2,64.93,9.16,33425.44,Baton Rouge,Utah,26526,Plano,Minnesota,88104,PackageStatus.OUT_FOR_DELIVERY,2025-06-07 17:23:50,,False,,False,"Express package weighing 12.59kg, dimensions: 56.2x64.93x9.16cm, volume: 33425.44cm³"
Fed111611051,International,FedEx,12.99,79.46,32.47,56.65,146160.75,Denver,Wisconsin,11073,Henderson,South Dakota,83152,PackageStatus.DELIVERED,2025-06-03 09:40:54,,False,,False,"International package weighing 12.99kg, dimensions: 79.46x32.47x56.65cm, volume: 146160.75cm³"
USP426029461,Refrigerated,USPS,26.64,56.3,76.32,40.7,174880.41,Chandler,Georgia,96405,Kansas City,Maryland,94910,PackageStatus.IN_TRANSIT,2025-06-06 09:33:11,,True,,False,"Refrigerated package weighing 26.64kg, dimensions: 56.3x76.32x40.7cm, volume: 174880.41cm³"
Ama32097961,International,Amazon Logistics,30.69,20.9,61.09,11.51,14695.75,Miami,Rhode Island,30126,San Diego,Florida,84253,PackageStatus.DELIVERED,2025-06-06 07:45:09,,False,,True,"International package weighing 30.69kg, dimensions: 20.9x61.09x11.51cm, volume: 14695.75cm³"
USP53045347,Fragile,USPS,27.22,18.21,75.87,63.78,88117.98,Jersey City,Alabama,21359,Milwaukee,Virginia,35849,PackageStatus.OUT_FOR_DELIVERY,2025-06-11 20:58:37,,True,,False,"Fragile package weighing 27.22kg, dimensions: 18.21x75.87x63.78cm, volume: 88117.98cm³"
Ama313165554,Standard,Amazon Logistics,37.45,26.92,46.62,96.49,121095.95,San Antonio,Florida,79264,Fort Worth,Mississippi,50236,PackageStatus.OUT_FOR_DELIVERY,2025-06-03 21:41:20,,False,397.24,False,"Standard package weighing 37.45kg, dimensions: 26.92x46.62x96.49cm, volume: 121095.95cm³"
USP101376999,Hazardous Materials,USPS,39.2,36.09,99.45,98.7,354249.15,Memphis,Colorado,95558,Columbus,North Carolina,99414,PackageStatus.DELIVERED,2025-06-08 05:00:38,,True,4363.33,False,"Hazardous Materials package weighing 39.2kg, dimensions: 36.09x99.45x98.7cm, volume: 354249.15cm³"
USP807304284,Priority,USPS,5.05,58.05,17.01,77.45,76476.49,New York,New Jersey,85248,Philadelphia,Florida,86689,PackageStatus.OUT_FOR_DELIVERY,2025-06-01 00:11:24,,False,,True,"Priority package weighing 5.05kg, dimensions: 58.05x17.01x77.45cm, volume: 76476.49cm³"
USP92044048,Hazardous Materials,USPS,49.22,91.98,22.5,78.66,162790.8,Dallas,Utah,39363,Madison,Wisconsin,81414,PackageStatus.DELIVERED,2025-06-07 16:40:09,,True,4630.31,False,"Hazardous Materials package weighing 49.22kg, dimensions: 91.98x22.5x78.66cm, volume: 162790.8cm³"
Ama267916507,Express,Amazon Logistics,25.36,86.45,67.64,39.5,230975.38,Jacksonville,Kansas,77246,Honolulu,Pennsylvania,66855,PackageStatus.IN_TRANSIT,2025-06-05 18:34:56,,False,,True,"Express package weighing 25.36kg, dimensions: 86.45x67.64x39.5cm, volume: 230975.38cm³"
DHL5418994,Priority,DHL,8.89,7.98,15.46,96.45,11899.11,Chesapeake,Nebraska,25124,Philadelphia,Maryland,36074,PackageStatus.IN_TRANSIT,2025-06-02 00:42:41,,False,448.83,False,"Priority package weighing 8.89kg, dimensions: 7.98x15.46x96.45cm, volume: 11899.11cm³"
USP352094980,Fragile,USPS,13.39,79.82,28.36,48.04,108747.92,Arlington,Hawaii,35324,North Las Vegas,Alaska,38938,PackageStatus.DELIVERED,2025-06-04 12:24:31,,True,2227.81,False,"Fragile package weighing 13.39kg, dimensions: 79.82x28.36x48.04cm, volume: 108747.92cm³"
Fed965022789,Standard,FedEx,19.72,77.67,84.56,87.2,572710.0,Cincinnati,Pennsylvania,78617,Fort Wayne,Arkansas,92272,PackageStatus.DELIVERED,2025-06-10 03:54:33,,False,,True,"Standard package weighing 19.72kg, dimensions: 77.67x84.56x87.2cm, volume: 572710.0cm³"
UPS380632931,Fragile,UPS,18.86,42.33,31.99,93.26,126286.79,Birmingham,Arkansas,88019,Baltimore,Michigan,83034,PackageStatus.DELIVERED,2025-06-06 19:31:29,,True,,False,"Fragile package weighing 18.86kg, dimensions: 42.33x31.99x93.26cm, volume: 126286.79cm³"
Ama133764859,Refrigerated,Amazon Logistics,12.61,99.6,19.54,75.1,146158.42,Denver,Kentucky,71891,Fort Wayne,New Hampshire,95807,PackageStatus.EXCEPTION,2025-06-07 19:06:58,,True,,False,"Refrigerated package weighing 12.61kg, dimensions: 99.6x19.54x75.1cm, volume: 146158.42cm³"
DHL237507116,Standard,DHL,24.01,22.75,27.05,53.72,33058.62,Louisville,Georgia,11925,St. Petersburg,Rhode Island,29426,PackageStatus.OUT_FOR_DELIVERY,2025-06-07 04:20:11,,False,,False,"Standard package weighing 24.01kg, dimensions: 22.75x27.05x53.72cm, volume: 33058.62cm³"
Fed84446766,Refrigerated,FedEx,16.89,60.69,41.52,77.18,194481.93,Garland,Maryland,68444,Fort Wayne,Arizona,77866,PackageStatus.IN_TRANSIT,2025-06-05 20:13:10,,True,1253.74,False,"Refrigerated package weighing 16.89kg, dimensions: 60.69x41.52x77.18cm, volume: 194481.93cm³"
USP828876559,International,USPS,38.1,34.37,14.4,98.38,48691.02,Oakland,Minnesota,53930,Raleigh,Maine,50693,PackageStatus.DELIVERED,2025-06-11 14:34:40,,False,2543.76,False,"International package weighing 38.1kg, dimensions: 34.37x14.4x98.38cm, volume: 48691.02cm³"
DHL44516125,Fragile,DHL,27.02,47.07,85.79,17.51,70707.75,Houston,Montana,57802,Sacramento,Maine,77181,PackageStatus.DELIVERED,2025-06-08 15:39:42,,True,,True,"Fragile package weighing 27.02kg, dimensions: 47.07x85.79x17.51cm, volume: 70707.75cm³"
Ama11011804,Standard,Amazon Logistics,22.16,28.72,77.5,38.96,86717.17,Arlington,Nebraska,66324,Boston,Connecticut,73324,PackageStatus.DELIVERED,2025-06-03 01:09:12,,False,,True,"Standard package weighing 22.16kg, dimensions: 28.72x77.5x38.96cm, volume: 86717.17cm³"
DHL200053202,Express,DHL,10.98,55.25,12.94,95.07,67968.87,Reno,North Carolina,90124,Lexington,Vermont,37310,PackageStatus.IN_TRANSIT,2025-06-08 20:54:57,,False,3904.1,False,"Express package weighing 10.98kg, dimensions: 55.25x12.94x95.07cm, volume: 67968.87cm³"
UPS974991994,Express,UPS,19.68,24.81,53.14,52.95,69809.46,New York,New Hampshire,77945,Albuquerque,New Jersey,73435,PackageStatus.DELIVERED,2025-06-10 08:18:13,,False,,False,"Express package weighing 19.68kg, dimensions: 24.81x53.14x52.95cm, volume: 69809.46cm³"
USP369618141,Standard,USPS,16.6,84.19,27.57,12.45,28897.92,Boston,Rhode Island,12881,Baton Rouge,Washington,59850,PackageStatus.DELIVERED,2025-06-10 23:31:39,,False,3124.94,True,"Standard package weighing 16.6kg, dimensions: 84.19x27.57x12.45cm, volume: 28897.92cm³"
Ama435672528,Priority,Amazon Logistics,4.35,11.15,19.2,73.18,15666.37,Glendale,South Carolina,73240,Scottsdale,Nebraska,91694,PackageStatus.OUT_FOR_DELIVERY,2025-06-11 06:19:58,,False,,False,"Priority package weighing 4.35kg, dimensions: 11.15x19.2x73.18cm, volume: 15666.37cm³"
USP557625064,Priority,USPS,40.56,87.07,61.23,88.69,472832.65,Honolulu,Maryland,80184,Greensboro,Illinois,17572,PackageStatus.IN_TRANSIT,2025-06-11 02:05:06,,False,,True,"Priority package weighing 40.56kg, dimensions: 87.07x61.23x88.69cm, volume: 472832.65cm³"
Fed283744630,Standard,FedEx,23.71,85.66,61.76,20.66,109298.87,Birmingham,Oregon,96778,Phoenix,Wisconsin,59366,PackageStatus.OUT_FOR_DELIVERY,2025-06-06 22:19:18,,False,,False,"Standard package weighing 23.71kg, dimensions: 85.66x61.76x20.66cm, volume: 109298.87cm³"
DHL36194344,International,DHL,29.83,31.7,56.88,90.49,163162.16,San Diego,Iowa,37663,Austin,Idaho,83620,PackageStatus.DELIVERED,2025-06-09 23:00:55,,False,199.45,False,"International package weighing 29.83kg, dimensions: 31.7x56.88x90.49cm, volume: 163162.16cm³"
Fed658080173,International,FedEx,2.84,84.07,57.11,74.54,357884.26,Corpus Christi,Illinois,33578,Toledo,Virginia,37463,PackageStatus.RETURNED,2025-06-10 13:25:59,,False,,False,"International package weighing 2.84kg, dimensions: 84.07x57.11x74.54cm, volume: 357884.26cm³"
UPS769195646,Overnight,UPS,41.88,77.57,91.98,63.84,455491.29,Milwaukee,New York,86519,Winston-Salem,South Dakota,26274,PackageStatus.IN_TRANSIT,2025-06-06 08:14:57,,False,4287.83,True,"Overnight package weighing 41.88kg, dimensions: 77.57x91.98x63.84cm, volume: 455491.29cm³"
Fed875580581,International,FedEx,36.8,22.17,81.6,71.28,128950.65,Irving,Washington,78762,Memphis,Pennsylvania,73582,PackageStatus.DELIVERED,2025-06-02 19:56:47,,False,,False,"International package weighing 36.8kg, dimensions: 22.17x81.6x71.28cm, volume: 128950.65cm³"
Ama377377765,Fragile,Amazon Logistics,0.8,27.41,53.15,58.27,84890.15,Plano,Alabama,80686,Buffalo,Michigan,51336,PackageStatus.DELIVERED,2025-06-05 16:03:49,,True,,False,"Fragile package weighing 0.8kg, dimensions: 27.41x53.15x58.27cm, volume: 84890.15cm³"
Ama258460828,Overnight,Amazon Logistics,0.81,97.78,43.04,87.77,369375.76,San Diego,Hawaii,14618,Los Angeles,Montana,30005,PackageStatus.PROCESSING,2025-06-10 05:45:29,,False,,False,"Overnight package weighing 0.81kg, dimensions: 97.78x43.04x87.77cm, volume: 369375.76cm³"
UPS25955175,Hazardous Materials,UPS,48.73,94.15,23.43,10.16,22412.29,Denver,Montana,73037,Irvine,Maine,55934,PackageStatus.DELIVERED,2025-06-04 13:59:15,,True,1934.2,True,"Hazardous Materials package weighing 48.73kg, dimensions: 94.15x23.43x10.16cm, volume: 22412.29cm³"
USP327064335,Fragile,USPS,26.99,97.48,7.94,73.32,56749.03,Bakersfield,Kentucky,73786,Detroit,New Mexico,53765,PackageStatus.DELIVERED,2025-06-04 09:41:16,,True,305.02,False,"Fragile package weighing 26.99kg, dimensions: 97.48x7.94x73.32cm, volume: 56749.03cm³"
UPS607766096,Express,UPS,17.34,77.99,11.94,76.03,70799.18,Chula Vista,Alaska,54528,Plano,Indiana,36925,PackageStatus.OUT_FOR_DELIVERY,2025-06-05 00:15:36,,False,,True,"Express package weighing 17.34kg, dimensions: 77.99x11.94x76.03cm, volume: 70799.18cm³"
USP305770017,Refrigerated,USPS,47.12,19.36,15.58,67.28,20293.59,Columbus,Washington,95039,Lubbock,Missouri,58781,PackageStatus.OUT_FOR_DELIVERY,2025-06-03 00:42:30,,True,4641.28,False,"Refrigerated package weighing 47.12kg, dimensions: 19.36x15.58x67.28cm, volume: 20293.59cm³"
USP712506423,Express,USPS,31.47,64.17,41.22,15.32,40522.74,Raleigh,Delaware,23119,Buffalo,Pennsylvania,76663,PackageStatus.OUT_FOR_DELIVERY,2025-06-01 13:36:58,,False,,True,"Express package weighing 31.47kg, dimensions: 64.17x41.22x15.32cm, volume: 40522.74cm³"
Ama953208381,Refrigerated,Amazon Logistics,22.13,36.39,7.47,27.03,7347.65,Honolulu,Michigan,82647,Mesa,Indiana,85025,PackageStatus.IN_TRANSIT,2025-06-07 16:15:40,,True,,False,"Refrigerated package weighing 22.13kg, dimensions: 36.39x7.47x27.03cm, volume: 7347.65cm³"
Ama115476314,Express,Amazon Logistics,22.88,54.64,68.62,64.42,241536.14,Tucson,Florida,23746,Newark,New Jersey,71625,PackageStatus.DELIVERED,2025-06-05 01:01:25,,False,2790.83,False,"Express package weighing 22.88kg, dimensions: 54.64x68.62x64.42cm, volume: 241536.14cm³"
Fed172691986,Hazardous Materials,FedEx,6.0,65.2,63.52,70.28,291064.9,Philadelphia,South Dakota,90163,Denver,Utah,45677,PackageStatus.DELIVERED,2025-06-11 03:04:52,,True,,True,"Hazardous Materials package weighing 6.0kg, dimensions: 65.2x63.52x70.28cm, volume: 291064.9cm³"
Fed957974274,Overnight,FedEx,45.27,42.92,51.0,35.62,77969.33,Las Vegas,Colorado,39216,Anchorage,Georgia,69105,PackageStatus.PROCESSING,2025-06-04 17:46:27,,False,,True,"Overnight package weighing 45.27kg, dimensions: 42.92x51.0x35.62cm, volume: 77969.33cm³"
Ama629890308,Overnight,Amazon Logistics,41.72,67.56,39.18,15.44,40869.69,Portland,South Dakota,55906,Houston,Illinois,83606,PackageStatus.IN_TRANSIT,2025-06-03 15:51:08,,False,705.29,True,"Overnight package weighing 41.72kg, dimensions: 67.56x39.18x15.44cm, volume: 40869.69cm³"
DHL562659779,Fragile,DHL,38.79,14.37,41.0,59.01,34766.92,Charlotte,Maine,45392,Tampa,Louisiana,66287,PackageStatus.OUT_FOR_DELIVERY,2025-06-06 14:19:56,,True,,False,"Fragile package weighing 38.79kg, dimensions: 14.37x41.0x59.01cm, volume: 34766.92cm³"
USP293020201,Priority,USPS,1.04,45.81,92.58,25.26,107129.93,Indianapolis,Wisconsin,64828,North Las Vegas,Rhode Island,99339,PackageStatus.IN_TRANSIT,2025-06-09 10:34:28,,False,,True,"Priority package weighing 1.04kg, dimensions: 45.81x92.58x25.26cm, volume: 107129.93cm³"
USP436201367,Express,USPS,24.91,15.74,84.0,52.52,69439.84,Chula Vista,Virginia,48377,Tucson,Vermont,58806,PackageStatus.DELIVERED,2025-06-03 04:39:56,,False,,True,"Express package weighing 24.91kg, dimensions: 15.74x84.0x52.52cm, volume: 69439.84cm³"
Ama552936803,Standard,Amazon Logistics,41.22,15.43,14.4,85.01,18888.54,Plano,Maine,32252,Pittsburgh,Massachusetts,95678,PackageStatus.OUT_FOR_DELIVERY,2025-06-09 04:23:36,,False,2683.09,True,"Standard package weighing 41.22kg, dimensions: 15.43x14.4x85.01cm, volume: 18888.54cm³"
DHL778589247,Express,DHL,14.02,63.66,70.66,64.91,291979.17,Milwaukee,South Carolina,52045,Baton Rouge,Massachusetts,95312,PackageStatus.IN_TRANSIT,2025-06-07 15:38:05,,False,,False,"Express package weighing 14.02kg, dimensions: 63.66x70.66x64.91cm, volume: 291979.17cm³"
UPS647905423,Hazardous Materials,UPS,44.67,59.9,78.57,54.17,254942.6,Reno,South Carolina,35892,San Antonio,California,88951,PackageStatus.OUT_FOR_DELIVERY,2025-06-06 10:42:01,,True,,True,"Hazardous Materials package weighing 44.67kg, dimensions: 59.9x78.57x54.17cm, volume: 254942.6cm³"
USP328618140,Fragile,USPS,2.49,83.37,27.55,26.35,60521.83,Chula Vista,Louisiana,54732,Buffalo,Mississippi,78033,PackageStatus.EXCEPTION,2025-06-05 17:55:40,,True,,True,"Fragile package weighing 2.49kg, dimensions: 83.37x27.55x26.35cm, volume: 60521.83cm³"
Fed389287295,Overnight,FedEx,12.83,44.75,56.82,27.9,70941.19,Henderson,North Carolina,52692,Arlington,Arkansas,76792,PackageStatus.PROCESSING,2025-06-09 07:31:19,,False,,False,"Overnight package weighing 12.83kg, dimensions: 44.75x56.82x27.9cm, volume: 70941.19cm³"
USP431853677,Fragile,USPS,3.8,21.36,46.19,69.09,68165.47,Scottsdale,Illinois,52691,Nashville,Oklahoma,50200,PackageStatus.OUT_FOR_DELIVERY,2025-06-09 14:13:10,,True,3417.2,False,"Fragile package weighing 3.8kg, dimensions: 21.36x46.19x69.09cm, volume: 68165.47cm³"
USP888134385,Priority,USPS,8.52,25.93,16.94,79.95,35118.37,Atlanta,Ohio,56638,Norfolk,Iowa,77815,PackageStatus.IN_TRANSIT,2025-06-09 07:18:44,,False,,False,"Priority package weighing 8.52kg, dimensions: 25.93x16.94x79.95cm, volume: 35118.37cm³"
DHL994851930,Priority,DHL,22.81,48.12,71.14,5.4,18485.59,Milwaukee,South Dakota,71140,Portland,Montana,51622,PackageStatus.OUT_FOR_DELIVERY,2025-06-04 02:18:22,,False,4117.17,False,"Priority package weighing 22.81kg, dimensions: 48.12x71.14x5.4cm, volume: 18485.59cm³"
Fed243389736,Priority,FedEx,48.87,16.1,19.49,7.53,2362.83,Fort Worth,Louisiana,94654,Jersey City,New Hampshire,74005,PackageStatus.IN_TRANSIT,2025-06-02 12:09:27,,False,2865.95,True,"Priority package weighing 48.87kg, dimensions: 16.1x19.49x7.53cm, volume: 2362.83cm³"
USP121862115,Refrigerated,USPS,13.58,51.26,80.58,10.64,43948.85,Corpus Christi,Alaska,23254,El Paso,Indiana,40379,PackageStatus.IN_TRANSIT,2025-06-08 04:21:07,,True,1898.97,False,"Refrigerated package weighing 13.58kg, dimensions: 51.26x80.58x10.64cm, volume: 43948.85cm³"
USP609794025,International,USPS,47.26,75.02,29.24,70.45,154538.05,Philadelphia,California,76198,Fresno,Oklahoma,79579,PackageStatus.DELIVERED,2025-06-03 22:24:30,,False,,False,"International package weighing 47.26kg, dimensions: 75.02x29.24x70.45cm, volume: 154538.05cm³"
USP950413685,Hazardous Materials,USPS,41.55,99.75,88.26,44.09,388165.49,Lexington,Tennessee,92595,Richmond,Georgia,74043,PackageStatus.DELIVERED,2025-06-12 07:07:55,,True,,False,"Hazardous Materials package weighing 41.55kg, dimensions: 99.75x88.26x44.09cm, volume: 388165.49cm³"
Ama148034523,International,Amazon Logistics,45.37,26.98,8.46,12.03,2745.86,Oakland,Vermont,42530,Hialeah,Rhode Island,20151,PackageStatus.DELIVERED,2025-06-03 09:32:22,,False,,False,"International package weighing 45.37kg, dimensions: 26.98x8.46x12.03cm, volume: 2745.86cm³"
Ama6164628,Hazardous Materials,Amazon Logistics,44.53,28.84,37.17,22.03,23615.78,Tulsa,Florida,19733,Hialeah,Oklahoma,44598,PackageStatus.IN_TRANSIT,2025-06-10 16:25:36,,True,,False,"Hazardous Materials package weighing 44.53kg, dimensions: 28.84x37.17x22.03cm, volume: 23615.78cm³"
USP457327735,Priority,USPS,15.43,40.51,80.4,94.81,308796.55,Kansas City,Nebraska,76384,Riverside,Pennsylvania,16560,PackageStatus.OUT_FOR_DELIVERY,2025-06-06 07:51:44,,False,4518.8,False,"Priority package weighing 15.43kg, dimensions: 40.51x80.4x94.81cm, volume: 308796.55cm³"
DHL843339788,Standard,DHL,12.71,12.13,37.75,89.76,41101.78,Philadelphia,Nebraska,17711,El Paso,Michigan,89136,PackageStatus.DELIVERED,2025-06-04 16:20:01,,False,3947.26,False,"Standard package weighing 12.71kg, dimensions: 12.13x37.75x89.76cm, volume: 41101.78cm³"
USP194063754,Priority,USPS,43.4,62.1,76.01,43.81,206792.88,North Las Vegas,Wyoming,67128,Chandler,Rhode Island,99043,PackageStatus.OUT_FOR_DELIVERY,2025-06-11 20:58:20,,False,,False,"Priority package weighing 43.4kg, dimensions: 62.1x76.01x43.81cm, volume: 206792.88cm³"
DHL988764389,Priority,DHL,31.58,17.56,57.48,76.38,77094.06,Reno,North Dakota,37642,Gilbert,New York,76114,PackageStatus.OUT_FOR_DELIVERY,2025-06-05 06:27:04,,False,,True,"Priority package weighing 31.58kg, dimensions: 17.56x57.48x76.38cm, volume: 77094.06cm³"
Fed465746897,International,FedEx,48.58,92.24,46.38,38.09,162952.49,Anchorage,Iowa,28706,Arlington,California,58114,PackageStatus.RETURNED,2025-06-04 08:13:22,,False,4484.95,False,"International package weighing 48.58kg, dimensions: 92.24x46.38x38.09cm, volume: 162952.49cm³"
USP546738199,Standard,USPS,17.45,81.79,96.81,84.97,672800.1,Wichita,West Virginia,10130,Orlando,Minnesota,76870,PackageStatus.DELIVERED,2025-06-09 00:31:26,,False,,True,"Standard package weighing 17.45kg, dimensions: 81.79x96.81x84.97cm, volume: 672800.1cm³"
USP978688449,Express,USPS,33.75,81.9,65.7,52.07,280179.82,Irvine,Illinois,12265,St. Paul,New Mexico,50140,PackageStatus.OUT_FOR_DELIVERY,2025-06-09 07:32:19,,False,2343.43,False,"Express package weighing 33.75kg, dimensions: 81.9x65.7x52.07cm, volume: 280179.82cm³"
Fed298280647,Standard,FedEx,23.61,77.27,84.21,58.41,380068.42,Virginia Beach,Idaho,66192,Reno,Kansas,31672,PackageStatus.OUT_FOR_DELIVERY,2025-06-10 05:34:52,,False,2144.37,True,"Standard package weighing 23.61kg, dimensions: 77.27x84.21x58.41cm, volume: 380068.42cm³"
Fed486926937,Hazardous Materials,FedEx,2.27,62.99,11.8,55.49,41244.72,Norfolk,New Mexico,49279,Washington,Massachusetts,81368,PackageStatus.DELIVERED,2025-06-05 06:40:57,,True,,False,"Hazardous Materials package weighing 2.27kg, dimensions: 62.99x11.8x55.49cm, volume: 41244.72cm³"
Fed574180940,Refrigerated,FedEx,39.09,93.48,99.18,68.53,635365.37,Denver,Alaska,32287,Hialeah,Kansas,17331,PackageStatus.OUT_FOR_DELIVERY,2025-06-01 22:06:50,,True,3315.72,False,"Refrigerated package weighing 39.09kg, dimensions: 93.48x99.18x68.53cm, volume: 635365.37cm³"
UPS405390440,Standard,UPS,5.75,64.04,65.4,95.77,401105.45,Fremont,Maine,52156,Corpus Christi,Nebraska,71972,PackageStatus.OUT_FOR_DELIVERY,2025-06-10 20:18:31,,False,,True,"Standard package weighing 5.75kg, dimensions: 64.04x65.4x95.77cm, volume: 401105.45cm³"
DHL363183080,Standard,DHL,28.08,93.41,12.49,85.87,100183.75,Las Vegas,New Mexico,55690,Wichita,New Jersey,87189,PackageStatus.DELIVERED,2025-06-03 06:33:56,,False,1338.49,True,"Standard package weighing 28.08kg, dimensions: 93.41x12.49x85.87cm, volume: 100183.75cm³"
DHL200595261,Refrigerated,DHL,17.15,93.32,86.53,29.12,235143.41,North Las Vegas,New Hampshire,80644,Lubbock,Oklahoma,53333,PackageStatus.DELIVERED,2025-06-10 15:44:00,,True,,False,"Refrigerated package weighing 17.15kg, dimensions: 93.32x86.53x29.12cm, volume: 235143.41cm³"
DHL885380502,Priority,DHL,32.31,64.37,63.05,94.31,382759.82,Chesapeake,Montana,60032,Columbus,Rhode Island,93541,PackageStatus.OUT_FOR_DELIVERY,2025-06-07 21:48:16,,False,,False,"Priority package weighing 32.31kg, dimensions: 64.37x63.05x94.31cm, volume: 382759.82cm³"
Ama40713233,Priority,Amazon Logistics,39.28,43.91,48.55,75.79,161571.43,Kansas City,Georgia,62267,San Diego,New Hampshire,93648,PackageStatus.OUT_FOR_DELIVERY,2025-06-01 05:41:56,,False,,False,"Priority package weighing 39.28kg, dimensions: 43.91x48.55x75.79cm, volume: 161571.43cm³"
DHL198019305,Refrigerated,DHL,7.78,16.51,81.68,6.17,8320.47,Denver,Maryland,43872,Pittsburgh,California,79110,PackageStatus.IN_TRANSIT,2025-06-05 03:41:54,,True,,True,"Refrigerated package weighing 7.78kg, dimensions: 16.51x81.68x6.17cm, volume: 8320.47cm³"
Ama662283841,Overnight,Amazon Logistics,20.43,18.04,36.78,86.48,57380.45,Virginia Beach,South Carolina,16615,Atlanta,Illinois,12093,PackageStatus.IN_TRANSIT,2025-06-05 07:30:35,,False,,False,"Overnight package weighing 20.43kg, dimensions: 18.04x36.78x86.48cm, volume: 57380.45cm³"
DHL901038441,Priority,DHL,1.2,75.95,54.37,76.65,316518.62,Indianapolis,Alaska,52789,Corpus Christi,Wyoming,16175,PackageStatus.OUT_FOR_DELIVERY,2025-06-03 20:35:51,,False,,True,"Priority package weighing 1.2kg, dimensions: 75.95x54.37x76.65cm, volume: 316518.62cm³"
Fed876334221,International,FedEx,39.48,13.13,50.39,14.16,9368.55,Boston,Pennsylvania,99147,Indianapolis,New York,78153,PackageStatus.DELIVERED,2025-06-11 09:47:04,,False,4398.35,False,"International package weighing 39.48kg, dimensions: 13.13x50.39x14.16cm, volume: 9368.55cm³"
Fed759211921,Express,FedEx,42.97,10.34,79.04,93.83,76684.78,San Jose,New Hampshire,65461,Denver,Montana,15377,PackageStatus.IN_TRANSIT,2025-06-12 06:39:22,,False,,False,"Express package weighing 42.97kg, dimensions: 10.34x79.04x93.83cm, volume: 76684.78cm³"
UPS772043710,Refrigerated,UPS,24.74,58.91,29.01,5.75,9826.63,Irvine,Connecticut,31483,Philadelphia,New York,55488,PackageStatus.OUT_FOR_DELIVERY,2025-06-03 06:38:55,,True,,True,"Refrigerated package weighing 24.74kg, dimensions: 58.91x29.01x5.75cm, volume: 9826.63cm³"
USP686812275,Priority,USPS,49.83,28.57,41.55,55.2,65527.01,Los Angeles,Nebraska,67906,Oakland,Missouri,99662,PackageStatus.OUT_FOR_DELIVERY,2025-06-02 10:04:45,,False,,False,"Priority package weighing 49.83kg, dimensions: 28.57x41.55x55.2cm, volume: 65527.01cm³"
UPS308818469,Priority,UPS,47.88,93.58,8.32,98.49,76682.9,Jacksonville,Arizona,65947,San Bernardino,Hawaii,65721,PackageStatus.OUT_FOR_DELIVERY,2025-06-11 04:23:57,,False,,False,"Priority package weighing 47.88kg, dimensions: 93.58x8.32x98.49cm, volume: 76682.9cm³"
Fed551100312,Overnight,FedEx,17.86,35.71,37.47,91.17,121990.36,Detroit,Arkansas,66381,Toledo,Colorado,35976,PackageStatus.IN_TRANSIT,2025-06-04 05:58:42,,False,,True,"Overnight package weighing 17.86kg, dimensions: 35.71x37.47x91.17cm, volume: 121990.36cm³"
UPS66015249,Fragile,UPS,5.63,55.47,19.55,39.06,42358.17,Richmond,Nebraska,68052,Sacramento,Pennsylvania,19907,PackageStatus.OUT_FOR_DELIVERY,2025-06-02 17:23:53,,True,,True,"Fragile package weighing 5.63kg, dimensions: 55.47x19.55x39.06cm, volume: 42358.17cm³"
DHL891023843,Overnight,DHL,4.75,95.85,91.73,74.12,651686.8,Miami,Colorado,19191,Detroit,Florida,28863,PackageStatus.IN_TRANSIT,2025-06-07 15:49:57,,False,3746.6,True,"Overnight package weighing 4.75kg, dimensions: 95.85x91.73x74.12cm, volume: 651686.8cm³"
USP248977532,Priority,USPS,46.57,35.69,91.01,74.41,241694.61,Albuquerque,North Carolina,63624,Madison,Hawaii,50097,PackageStatus.IN_TRANSIT,2025-06-08 12:22:29,,False,,False,"Priority package weighing 46.57kg, dimensions: 35.69x91.01x74.41cm, volume: 241694.61cm³"
Fed388244961,Priority,FedEx,22.57,68.69,91.26,99.78,625485.84,San Jose,Vermont,84630,Anaheim,Pennsylvania,26666,PackageStatus.IN_TRANSIT,2025-06-04 14:39:30,,False,,True,"Priority package weighing 22.57kg, dimensions: 68.69x91.26x99.78cm, volume: 625485.84cm³"
DHL969916204,Hazardous Materials,DHL,38.98,71.32,87.31,52.68,328035.68,Denver,South Dakota,55103,Plano,Vermont,66319,PackageStatus.DELIVERED,2025-06-07 07:49:07,,True,,True,"Hazardous Materials package weighing 38.98kg, dimensions: 71.32x87.31x52.68cm, volume: 328035.68cm³"
Fed624836329,Express,FedEx,5.87,64.65,48.64,10.13,31854.55,Oakland,West Virginia,62189,El Paso,California,75401,PackageStatus.OUT_FOR_DELIVERY,2025-06-10 03:22:50,,False,4370.34,False,"Express package weighing 5.87kg, dimensions: 64.65x48.64x10.13cm, volume: 31854.55cm³"
DHL320460678,Overnight,DHL,26.01,98.62,51.2,36.64,185007.96,Lexington,Rhode Island,85740,San Francisco,Illinois,17528,PackageStatus.IN_TRANSIT,2025-06-03 18:47:16,,False,448.34,False,"Overnight package weighing 26.01kg, dimensions: 98.62x51.2x36.64cm, volume: 185007.96cm³"
Ama906866047,Refrigerated,Amazon Logistics,31.51,95.37,48.35,73.8,340302.1,Seattle,Arizona,78833,Baton Rouge,South Carolina,73176,PackageStatus.IN_TRANSIT,2025-06-02 13:59:02,,True,,True,"Refrigerated package weighing 31.51kg, dimensions: 95.37x48.35x73.8cm, volume: 340302.1cm³"
USP181496734,International,USPS,28.74,37.23,11.92,27.95,12403.7,Chesapeake,Nebraska,35930,Santa Ana,New York,43765,PackageStatus.DELIVERED,2025-06-02 08:59:06,,False,3800.1,False,"International package weighing 28.74kg, dimensions: 37.23x11.92x27.95cm, volume: 12403.7cm³"
USP353618814,Overnight,USPS,34.59,32.83,54.59,64.22,115094.42,Portland,Mississippi,36777,Lincoln,Kansas,23431,PackageStatus.PROCESSING,2025-06-01 08:10:08,,False,,False,"Overnight package weighing 34.59kg, dimensions: 32.83x54.59x64.22cm, volume: 115094.42cm³"
Ama657763122,Express,Amazon Logistics,25.82,45.15,82.94,42.71,159937.89,Fort Wayne,Louisiana,38840,Baltimore,Hawaii,55748,PackageStatus.IN_TRANSIT,2025-06-07 16:12:26,,False,,True,"Express package weighing 25.82kg, dimensions: 45.15x82.94x42.71cm, volume: 159937.89cm³"
USP385458325,International,USPS,33.35,16.51,57.78,35.89,34237.19,Kansas City,West Virginia,28294,Gilbert,Nebraska,18057,PackageStatus.DELIVERED,2025-06-06 15:17:11,,False,3620.08,True,"International package weighing 33.35kg, dimensions: 16.51x57.78x35.89cm, volume: 34237.19cm³"
Fed483851632,Fragile,FedEx,3.87,68.5,82.55,47.03,265939.37,Tampa,South Carolina,81992,El Paso,New York,63193,PackageStatus.OUT_FOR_DELIVERY,2025-06-06 21:12:18,,True,,True,"Fragile package weighing 3.87kg, dimensions: 68.5x82.55x47.03cm, volume: 265939.37cm³"
Ama479922379,Refrigerated,Amazon Logistics,28.22,43.72,19.72,70.11,60445.93,Irving,Montana,14693,Chesapeake,California,40825,PackageStatus.IN_TRANSIT,2025-06-06 12:12:13,,True,,False,"Refrigerated package weighing 28.22kg, dimensions: 43.72x19.72x70.11cm, volume: 60445.93cm³"
USP781835758,Overnight,USPS,12.93,15.64,48.72,85.4,65073.16,San Diego,Nevada,61017,Oakland,Kansas,32861,PackageStatus.IN_TRANSIT,2025-06-11 10:58:01,,False,903.88,False,"Overnight package weighing 12.93kg, dimensions: 15.64x48.72x85.4cm, volume: 65073.16cm³"
USP912286892,Refrigerated,USPS,4.59,14.12,43.05,88.83,53996.74,Philadelphia,Alabama,90309,Denver,California,28553,PackageStatus.IN_TRANSIT,2025-06-04 01:09:48,,True,,False,"Refrigerated package weighing 4.59kg, dimensions: 14.12x43.05x88.83cm, volume: 53996.74cm³"
Ama309423890,Hazardous Materials,Amazon Logistics,17.75,67.26,54.33,16.99,62085.47,Chicago,Delaware,87084,Boise,Indiana,34645,PackageStatus.DELIVERED,2025-06-06 05:07:05,,True,,True,"Hazardous Materials package weighing 17.75kg, dimensions: 67.26x54.33x16.99cm, volume: 62085.47cm³"
USP508731195,Hazardous Materials,USPS,28.55,82.9,97.31,85.15,686904.96,Kansas City,Idaho,69326,Toledo,Indiana,22329,PackageStatus.DELIVERED,2025-06-12 11:16:37,,True,2987.01,False,"Hazardous Materials package weighing 28.55kg, dimensions: 82.9x97.31x85.15cm, volume: 686904.96cm³"
DHL972326775,Express,DHL,16.99,36.17,52.41,80.18,151994.8,Bakersfield,Wisconsin,67203,Boston,Florida,56363,PackageStatus.DELIVERED,2025-06-09 06:17:25,,False,,False,"Express package weighing 16.99kg, dimensions: 36.17x52.41x80.18cm, volume: 151994.8cm³"
Ama440490821,Overnight,Amazon Logistics,10.25,58.15,28.44,66.95,110720.97,Santa Ana,West Virginia,34923,Milwaukee,Texas,25022,PackageStatus.PROCESSING,2025-06-08 07:36:38,,False,,True,"Overnight package weighing 10.25kg, dimensions: 58.15x28.44x66.95cm, volume: 110720.97cm³"
UPS169821063,Priority,UPS,34.41,96.11,22.21,76.42,163126.37,Laredo,Minnesota,37238,Lexington,Georgia,86196,PackageStatus.OUT_FOR_DELIVERY,2025-06-02 16:49:17,,False,,False,"Priority package weighing 34.41kg, dimensions: 96.11x22.21x76.42cm, volume: 163126.37cm³"
DHL384201198,Overnight,DHL,8.17,32.57,63.47,29.86,61727.13,Denver,South Dakota,59923,Lincoln,New Mexico,60443,PackageStatus.IN_TRANSIT,2025-06-02 07:40:43,,False,2607.49,True,"Overnight package weighing 8.17kg, dimensions: 32.57x63.47x29.86cm, volume: 61727.13cm³"
Ama115587031,Hazardous Materials,Amazon Logistics,14.73,18.93,30.05,10.21,5807.92,San Bernardino,Iowa,47390,Anchorage,Minnesota,16054,PackageStatus.DELIVERED,2025-06-11 23:15:05,,True,,False,"Hazardous Materials package weighing 14.73kg, dimensions: 18.93x30.05x10.21cm, volume: 5807.92cm³"
Fed577731082,International,FedEx,16.27,88.9,57.98,60.24,310502.38,Los Angeles,Utah,57530,Cleveland,North Dakota,28001,PackageStatus.DELIVERED,2025-06-05 14:20:18,,False,4043.83,False,"International package weighing 16.27kg, dimensions: 88.9x57.98x60.24cm, volume: 310502.38cm³"
USP824188179,Fragile,USPS,9.93,95.67,84.26,43.48,350498.98,Arlington,Nevada,48955,Irving,Oklahoma,44715,PackageStatus.OUT_FOR_DELIVERY,2025-06-01 11:25:26,,True,,False,"Fragile package weighing 9.93kg, dimensions: 95.67x84.26x43.48cm, volume: 350498.98cm³"
Ama454121080,Refrigerated,Amazon Logistics,17.63,92.51,5.07,12.52,5872.2,Laredo,Wisconsin,89600,Reno,New York,73731,PackageStatus.DELIVERED,2025-06-05 19:09:51,,True,,False,"Refrigerated package weighing 17.63kg, dimensions: 92.51x5.07x12.52cm, volume: 5872.2cm³"
USP145421107,Hazardous Materials,USPS,48.39,42.91,83.35,62.03,221853.3,New Orleans,New Mexico,31093,Spokane,North Dakota,34677,PackageStatus.DELIVERED,2025-06-05 19:49:29,,True,1369.24,False,"Hazardous Materials package weighing 48.39kg, dimensions: 42.91x83.35x62.03cm, volume: 221853.3cm³"
UPS690666238,Standard,UPS,8.06,6.04,64.47,83.99,32705.61,Chicago,Ohio,22451,Kansas City,California,16617,PackageStatus.DELIVERED,2025-06-01 01:01:04,,False,,False,"Standard package weighing 8.06kg, dimensions: 6.04x64.47x83.99cm, volume: 32705.61cm³"
DHL112851664,Express,DHL,32.37,64.76,7.76,65.58,32956.42,Richmond,California,73997,Tulsa,South Dakota,43305,PackageStatus.DELIVERED,2025-06-04 08:59:08,,False,,True,"Express package weighing 32.37kg, dimensions: 64.76x7.76x65.58cm, volume: 32956.42cm³"
DHL287364543,Standard,DHL,35.24,62.41,13.1,8.77,7170.1,St. Louis,Alaska,39039,Laredo,Iowa,11134,PackageStatus.DELIVERED,2025-06-01 07:21:59,,False,,True,"Standard package weighing 35.24kg, dimensions: 62.41x13.1x8.77cm, volume: 7170.1cm³"
USP344573995,Fragile,USPS,43.92,50.45,43.05,39.82,86483.96,Jersey City,Virginia,27354,Bakersfield,South Dakota,97046,PackageStatus.DELIVERED,2025-06-05 09:23:13,,True,3508.32,False,"Fragile package weighing 43.92kg, dimensions: 50.45x43.05x39.82cm, volume: 86483.96cm³"
USP637334546,Refrigerated,USPS,38.44,93.05,78.41,95.78,698815.72,Anchorage,Hawaii,28290,San Francisco,Vermont,46230,PackageStatus.OUT_FOR_DELIVERY,2025-06-06 07:30:20,,True,,True,"Refrigerated package weighing 38.44kg, dimensions: 93.05x78.41x95.78cm, volume: 698815.72cm³"
DHL130424078,International,DHL,21.23,47.66,30.73,94.72,138726.14,San Jose,Colorado,30971,Santa Ana,Nevada,12810,PackageStatus.DELIVERED,2025-06-05 03:30:46,,False,,True,"International package weighing 21.23kg, dimensions: 47.66x30.73x94.72cm, volume: 138726.14cm³"
USP497597342,Standard,USPS,9.36,88.52,18.8,26.0,43268.58,New York,Ohio,95757,Raleigh,West Virginia,81493,PackageStatus.DELIVERED,2025-06-08 14:14:23,,False,,False,"Standard package weighing 9.36kg, dimensions: 88.52x18.8x26.0cm, volume: 43268.58cm³"
USP174224807,Overnight,USPS,39.25,5.88,74.19,14.77,6443.22,Henderson,North Carolina,24042,Glendale,Virginia,71275,PackageStatus.PROCESSING,2025-06-02 20:21:15,,False,,True,"Overnight package weighing 39.25kg, dimensions: 5.88x74.19x14.77cm, volume: 6443.22cm³"
UPS838700850,Hazardous Materials,UPS,39.44,61.21,85.34,16.1,84100.95,Virginia Beach,California,78450,New Orleans,South Dakota,70868,PackageStatus.DELIVERED,2025-06-10 02:35:26,,True,,False,"Hazardous Materials package weighing 39.44kg, dimensions: 61.21x85.34x16.1cm, volume: 84100.95cm³"
DHL537500748,International,DHL,16.57,8.29,87.79,7.21,5247.29,Jacksonville,Georgia,24730,Cleveland,New Hampshire,30672,PackageStatus.DELIVERED,2025-06-09 15:04:40,,False,,True,"International package weighing 16.57kg, dimensions: 8.29x87.79x7.21cm, volume: 5247.29cm³"
Ama584474613,Standard,Amazon Logistics,4.79,27.77,36.17,30.18,30314.03,North Las Vegas,Alabama,28685,Scottsdale,Washington,24303,PackageStatus.DELIVERED,2025-06-09 03:51:50,,False,,False,"Standard package weighing 4.79kg, dimensions: 27.77x36.17x30.18cm, volume: 30314.03cm³"
UPS605113927,Refrigerated,UPS,0.68,87.27,26.7,42.31,98586.91,Wichita,New Jersey,83447,Riverside,Maine,59135,PackageStatus.IN_TRANSIT,2025-06-05 01:32:36,,True,,False,"Refrigerated package weighing 0.68kg, dimensions: 87.27x26.7x42.31cm, volume: 98586.91cm³"
UPS515343853,Hazardous Materials,UPS,42.98,61.52,65.2,91.6,367417.13,Baltimore,Kansas,47200,Greensboro,New Mexico,48144,PackageStatus.DELIVERED,2025-06-09 14:46:50,,True,,True,"Hazardous Materials package weighing 42.98kg, dimensions: 61.52x65.2x91.6cm, volume: 367417.13cm³"
Ama991334001,International,Amazon Logistics,43.71,49.82,97.82,75.09,365943.04,Atlanta,Washington,86099,Raleigh,Arkansas,67421,PackageStatus.DELIVERED,2025-06-08 03:55:38,,False,,False,"International package weighing 43.71kg, dimensions: 49.82x97.82x75.09cm, volume: 365943.04cm³"
Ama336211356,Fragile,Amazon Logistics,25.91,45.23,73.57,40.83,135864.73,Jersey City,North Carolina,28179,Chesapeake,New Jersey,73547,PackageStatus.OUT_FOR_DELIVERY,2025-06-02 08:28:21,,True,,True,"Fragile package weighing 25.91kg, dimensions: 45.23x73.57x40.83cm, volume: 135864.73cm³"
DHL341261007,Standard,DHL,36.55,39.26,27.77,11.82,12886.76,San Francisco,New Mexico,45158,Buffalo,New Hampshire,55084,PackageStatus.DELIVERED,2025-06-06 10:54:45,,False,,True,"Standard package weighing 36.55kg, dimensions: 39.26x27.77x11.82cm, volume: 12886.76cm³"
DHL734727985,International,DHL,23.23,27.68,9.33,15.95,4119.16,Fort Worth,West Virginia,65640,Chula Vista,Hawaii,53374,PackageStatus.DELIVERED,2025-06-01 14:11:44,,False,,True,"International package weighing 23.23kg, dimensions: 27.68x9.33x15.95cm, volume: 4119.16cm³"
USP181837558,International,USPS,16.29,63.77,82.75,94.14,496773.72,Columbus,New Hampshire,78209,Louisville,Colorado,31859,PackageStatus.DELIVERED,2025-06-08 01:44:30,,False,,False,"International package weighing 16.29kg, dimensions: 63.77x82.75x94.14cm, volume: 496773.72cm³"
UPS919812527,Priority,UPS,38.62,24.45,14.49,26.92,9537.23,Charlotte,Mississippi,84488,Las Vegas,Connecticut,13830,PackageStatus.OUT_FOR_DELIVERY,2025-06-04 04:37:20,,False,,True,"Priority package weighing 38.62kg, dimensions: 24.45x14.49x26.92cm, volume: 9537.23cm³"
Fed379960883,Fragile,FedEx,2.59,46.04,58.31,19.12,51329.41,Seattle,Oklahoma,61970,Dallas,Michigan,98519,PackageStatus.OUT_FOR_DELIVERY,2025-06-10 20:48:07,,True,,True,"Fragile package weighing 2.59kg, dimensions: 46.04x58.31x19.12cm, volume: 51329.41cm³"
Fed606798845,Priority,FedEx,20.5,71.78,8.94,66.72,42815.1,St. Louis,Maine,15949,Jersey City,Arizona,72947,PackageStatus.OUT_FOR_DELIVERY,2025-06-10 12:49:51,,False,,False,"Priority package weighing 20.5kg, dimensions: 71.78x8.94x66.72cm, volume: 42815.1cm³"
Ama143169572,Standard,Amazon Logistics,20.96,12.73,6.47,95.45,7861.56,Reno,New York,14923,Nashville,Montana,75527,PackageStatus.OUT_FOR_DELIVERY,2025-06-04 08:57:42,,False,2599.48,True,"Standard package weighing 20.96kg, dimensions: 12.73x6.47x95.45cm, volume: 7861.56cm³"
USP914898918,Standard,USPS,41.23,31.55,40.49,62.27,79547.4,Wichita,South Dakota,38816,Memphis,Mississippi,88786,PackageStatus.DELIVERED,2025-06-06 15:17:37,,False,,False,"Standard package weighing 41.23kg, dimensions: 31.55x40.49x62.27cm, volume: 79547.4cm³"
Fed845998342,Hazardous Materials,FedEx,3.14,88.1,85.71,6.2,46816.52,San Antonio,Alaska,47134,Indianapolis,South Carolina,17553,PackageStatus.DELIVERED,2025-06-10 23:05:49,,True,,False,"Hazardous Materials package weighing 3.14kg, dimensions: 88.1x85.71x6.2cm, volume: 46816.52cm³"
Fed649286811,International,FedEx,25.63,97.98,43.53,42.88,182886.18,Colorado Springs,New Hampshire,96919,Detroit,New Mexico,12751,PackageStatus.DELIVERED,2025-06-05 09:54:05,,False,,True,"International package weighing 25.63kg, dimensions: 97.98x43.53x42.88cm, volume: 182886.18cm³"
USP354834885,Fragile,USPS,17.33,57.46,80.02,90.38,415562.65,Memphis,North Dakota,82316,Henderson,California,57305,PackageStatus.OUT_FOR_DELIVERY,2025-06-11 13:16:30,,True,,True,"Fragile package weighing 17.33kg, dimensions: 57.46x80.02x90.38cm, volume: 415562.65cm³"
UPS223483672,International,UPS,6.93,21.73,41.84,31.08,28257.41,Fresno,New Jersey,82400,Austin,Maine,96363,PackageStatus.DELIVERED,2025-06-09 11:40:36,,False,,False,"International package weighing 6.93kg, dimensions: 21.73x41.84x31.08cm, volume: 28257.41cm³"
Fed239218210,Priority,FedEx,43.75,28.88,59.33,16.34,27997.78,Cincinnati,Nebraska,50517,Chicago,North Carolina,91443,PackageStatus.IN_TRANSIT,2025-06-07 05:14:41,,False,,True,"Priority package weighing 43.75kg, dimensions: 28.88x59.33x16.34cm, volume: 27997.78cm³"
Ama424247436,Priority,Amazon Logistics,6.96,76.32,13.87,96.42,102066.2,Charlotte,Colorado,50649,Riverside,New Mexico,25370,PackageStatus.OUT_FOR_DELIVERY,2025-06-04 12:46:38,,False,,False,"Priority package weighing 6.96kg, dimensions: 76.32x13.87x96.42cm, volume: 102066.2cm³"
DHL128843745,Priority,DHL,8.28,49.94,66.72,91.88,306143.87,Glendale,Minnesota,92305,Los Angeles,Connecticut,47770,PackageStatus.OUT_FOR_DELIVERY,2025-06-11 14:29:16,,False,2573.44,False,"Priority package weighing 8.28kg, dimensions: 49.94x66.72x91.88cm, volume: 306143.87cm³"
Ama92939221,Express,Amazon Logistics,7.48,56.64,31.73,22.93,41209.5,Scottsdale,Oregon,91547,Pittsburgh,South Dakota,33446,PackageStatus.DELIVERED,2025-06-04 03:51:46,,False,2963.62,True,"Express package weighing 7.48kg, dimensions: 56.64x31.73x22.93cm, volume: 41209.5cm³"
USP708611476,Overnight,USPS,24.35,54.79,69.95,32.88,126014.59,Chesapeake,Nebraska,27203,St. Petersburg,Wyoming,61458,PackageStatus.IN_TRANSIT,2025-06-04 21:44:14,,False,,False,"Overnight package weighing 24.35kg, dimensions: 54.79x69.95x32.88cm, volume: 126014.59cm³"
DHL910955982,Refrigerated,DHL,20.74,34.01,39.72,87.23,117837.02,Philadelphia,North Carolina,25216,Portland,Maine,90833,PackageStatus.IN_TRANSIT,2025-06-02 19:15:54,,True,2114.1,False,"Refrigerated package weighing 20.74kg, dimensions: 34.01x39.72x87.23cm, volume: 117837.02cm³"
USP274872248,Refrigerated,USPS,49.0,45.88,54.44,86.25,215427.25,Milwaukee,Alabama,46603,Virginia Beach,Rhode Island,28586,PackageStatus.IN_TRANSIT,2025-06-07 08:40:40,,True,,False,"Refrigerated package weighing 49.0kg, dimensions: 45.88x54.44x86.25cm, volume: 215427.25cm³"
USP318358134,Standard,USPS,40.5,37.0,31.44,76.77,89305.01,Milwaukee,North Carolina,23217,Newark,South Carolina,14372,PackageStatus.OUT_FOR_DELIVERY,2025-06-02 17:09:38,,False,,False,"Standard package weighing 40.5kg, dimensions: 37.0x31.44x76.77cm, volume: 89305.01cm³"
Ama7967956,Hazardous Materials,Amazon Logistics,2.29,77.11,30.97,44.7,106747.92,Tulsa,Maryland,43156,Tampa,Nevada,23381,PackageStatus.DELIVERED,2025-06-10 06:18:24,,True,,False,"Hazardous Materials package weighing 2.29kg, dimensions: 77.11x30.97x44.7cm, volume: 106747.92cm³"
USP262456458,Overnight,USPS,13.49,15.13,32.59,18.13,8939.66,Riverside,Maryland,60400,Reno,Massachusetts,66174,PackageStatus.IN_TRANSIT,2025-06-02 07:49:39,,False,,False,"Overnight package weighing 13.49kg, dimensions: 15.13x32.59x18.13cm, volume: 8939.66cm³"
DHL190147284,International,DHL,21.41,16.76,79.71,94.3,125979.1,Gilbert,New Jersey,45033,St. Petersburg,Maine,86332,PackageStatus.DELIVERED,2025-06-10 21:26:46,,False,,True,"International package weighing 21.41kg, dimensions: 16.76x79.71x94.3cm, volume: 125979.1cm³"
Ama421608928,Refrigerated,Amazon Logistics,23.25,61.53,90.7,66.75,372516.46,Fort Worth,Iowa,90243,Riverside,Arkansas,28572,PackageStatus.OUT_FOR_DELIVERY,2025-06-07 00:18:12,,True,,False,"Refrigerated package weighing 23.25kg, dimensions: 61.53x90.7x66.75cm, volume: 372516.46cm³"
UPS419924342,Express,UPS,9.45,51.64,30.93,94.29,150602.36,Tucson,Wyoming,71363,Raleigh,South Dakota,77159,PackageStatus.OUT_FOR_DELIVERY,2025-06-02 16:21:13,,False,,False,"Express package weighing 9.45kg, dimensions: 51.64x30.93x94.29cm, volume: 150602.36cm³"
USP66867742,Overnight,USPS,16.96,55.85,97.92,56.82,310739.03,Anaheim,Iowa,23421,Charlotte,New York,81208,PackageStatus.IN_TRANSIT,2025-06-05 03:52:13,,False,4631.25,True,"Overnight package weighing 16.96kg, dimensions: 55.85x97.92x56.82cm, volume: 310739.03cm³"
Ama271121395,Express,Amazon Logistics,18.2,95.03,11.62,83.84,92580.2,Cleveland,Maine,81818,Baton Rouge,Mississippi,26322,PackageStatus.DELIVERED,2025-06-11 01:17:58,,False,,False,"Express package weighing 18.2kg, dimensions: 95.03x11.62x83.84cm, volume: 92580.2cm³"
UPS380196118,Overnight,UPS,35.71,62.53,13.13,7.04,5779.97,Chula Vista,Louisiana,88933,Garland,Ohio,23734,PackageStatus.PROCESSING,2025-06-01 14:39:06,,False,2087.17,False,"Overnight package weighing 35.71kg, dimensions: 62.53x13.13x7.04cm, volume: 5779.97cm³"
Fed125031846,International,FedEx,17.63,45.58,72.67,8.0,26498.39,Reno,New York,22224,Columbus,Tennessee,22224,PackageStatus.DELIVERED,2025-06-01 16:19:08,,False,4212.41,False,"International package weighing 17.63kg, dimensions: 45.58x72.67x8.0cm, volume: 26498.39cm³"
USP21398158,Refrigerated,USPS,4.13,98.43,95.35,13.85,129986.41,New Orleans,Indiana,87760,Minneapolis,Maryland,48094,PackageStatus.DELIVERED,2025-06-01 09:54:29,,True,,False,"Refrigerated package weighing 4.13kg, dimensions: 98.43x95.35x13.85cm, volume: 129986.41cm³"
DHL361634082,Fragile,DHL,30.57,34.61,13.15,17.08,7773.48,Lubbock,Montana,94860,Aurora,West Virginia,58056,PackageStatus.OUT_FOR_DELIVERY,2025-06-07 01:13:20,,True,1803.5,False,"Fragile package weighing 30.57kg, dimensions: 34.61x13.15x17.08cm, volume: 7773.48cm³"
USP251346780,Overnight,USPS,40.96,73.01,56.69,38.26,158355.73,San Diego,Idaho,87419,Glendale,Mississippi,97635,PackageStatus.PROCESSING,2025-06-06 14:12:31,,False,,True,"Overnight package weighing 40.96kg, dimensions: 73.01x56.69x38.26cm, volume: 158355.73cm³"
Ama628767974,Hazardous Materials,Amazon Logistics,8.2,52.31,82.17,87.32,375328.66,Cincinnati,Tennessee,43787,Cincinnati,New Hampshire,28506,PackageStatus.DELIVERED,2025-06-07 05:14:11,,True,,False,"Hazardous Materials package weighing 8.2kg, dimensions: 52.31x82.17x87.32cm, volume: 375328.66cm³"
Ama830979436,Standard,Amazon Logistics,37.58,40.32,62.07,69.99,175161.34,El Paso,Washington,26728,Honolulu,Texas,71319,PackageStatus.IN_TRANSIT,2025-06-04 04:09:59,,False,2961.55,True,"Standard package weighing 37.58kg, dimensions: 40.32x62.07x69.99cm, volume: 175161.34cm³"
UPS67840789,International,UPS,16.2,67.03,59.74,50.5,202220.8,Los Angeles,North Dakota,77717,Plano,Kansas,38780,PackageStatus.DELIVERED,2025-06-09 15:15:04,,False,662.4,False,"International package weighing 16.2kg, dimensions: 67.03x59.74x50.5cm, volume: 202220.8cm³"
USP716896576,Fragile,USPS,38.28,22.76,71.47,48.98,79673.67,Mesa,West Virginia,54345,Arlington,Rhode Island,47021,PackageStatus.RETURNED,2025-06-02 08:22:02,,True,4127.88,True,"Fragile package weighing 38.28kg, dimensions: 22.76x71.47x48.98cm, volume: 79673.67cm³"
USP635949805,Priority,USPS,19.95,73.85,94.56,39.85,278282.75,Milwaukee,Arizona,95984,Indianapolis,New York,27733,PackageStatus.IN_TRANSIT,2025-06-03 05:02:31,,False,,False,"Priority package weighing 19.95kg, dimensions: 73.85x94.56x39.85cm, volume: 278282.75cm³"
UPS337870347,Overnight,UPS,27.77,74.85,95.08,77.44,551120.19,Corpus Christi,Colorado,62064,Gilbert,Colorado,65081,PackageStatus.PROCESSING,2025-06-01 19:46:10,,False,,False,"Overnight package weighing 27.77kg, dimensions: 74.85x95.08x77.44cm, volume: 551120.19cm³"
UPS298591205,Standard,UPS,15.52,74.52,49.95,47.41,176473.01,San Antonio,Maryland,97020,Boise,South Carolina,34198,PackageStatus.DELIVERED,2025-06-11 21:27:30,,False,,False,"Standard package weighing 15.52kg, dimensions: 74.52x49.95x47.41cm, volume: 176473.01cm³"
UPS644941474,Fragile,UPS,23.48,64.06,35.84,25.21,57879.9,Miami,Arkansas,57197,Anchorage,Missouri,34783,PackageStatus.DELIVERED,2025-06-12 04:43:53,,True,,False,"Fragile package weighing 23.48kg, dimensions: 64.06x35.84x25.21cm, volume: 57879.9cm³"
UPS2200277,Fragile,UPS,21.88,88.94,71.94,45.08,288437.33,Detroit,Pennsylvania,26895,Phoenix,Arkansas,33519,PackageStatus.DELIVERED,2025-06-03 01:20:16,,True,2466.24,False,"Fragile package weighing 21.88kg, dimensions: 88.94x71.94x45.08cm, volume: 288437.33cm³"
UPS344146573,Express,UPS,13.22,45.1,77.89,72.59,254996.98,Raleigh,Kansas,77832,San Antonio,Maryland,86787,PackageStatus.IN_TRANSIT,2025-06-02 06:39:40,,False,,False,"Express package weighing 13.22kg, dimensions: 45.1x77.89x72.59cm, volume: 254996.98cm³"
Ama73853289,Express,Amazon Logistics,3.86,37.77,36.92,76.56,106760.5,Plano,Kentucky,30642,Boise,Maryland,41383,PackageStatus.OUT_FOR_DELIVERY,2025-06-02 05:02:51,,False,2562.59,False,"Express package weighing 3.86kg, dimensions: 37.77x36.92x76.56cm, volume: 106760.5cm³"
USP377602026,Standard,USPS,3.67,70.3,98.51,71.78,497094.66,Chesapeake,Nebraska,82414,Baltimore,Oregon,73504,PackageStatus.DELIVERED,2025-06-08 11:32:29,,False,,False,"Standard package weighing 3.67kg, dimensions: 70.3x98.51x71.78cm, volume: 497094.66cm³"
DHL882018119,Express,DHL,13.97,30.47,77.9,36.66,87016.65,Toledo,Wyoming,30347,Cleveland,Maryland,25331,PackageStatus.OUT_FOR_DELIVERY,2025-06-07 04:52:54,,False,1253.5,True,"Express package weighing 13.97kg, dimensions: 30.47x77.9x36.66cm, volume: 87016.65cm³"
UPS700733175,Standard,UPS,33.98,48.32,40.31,9.74,18971.37,Fresno,Louisiana,66949,Winston-Salem,Illinois,70989,PackageStatus.DELIVERED,2025-06-08 10:34:02,,False,,True,"Standard package weighing 33.98kg, dimensions: 48.32x40.31x9.74cm, volume: 18971.37cm³"
UPS60783208,Express,UPS,19.45,8.31,52.98,25.47,11213.52,Chicago,Maryland,16076,Glendale,Idaho,61879,PackageStatus.DELIVERED,2025-06-06 03:36:01,,False,1285.36,True,"Express package weighing 19.45kg, dimensions: 8.31x52.98x25.47cm, volume: 11213.52cm³"
Ama537437747,Overnight,Amazon Logistics,16.97,68.34,31.97,19.76,43172.24,Boise,Colorado,60988,Miami,South Carolina,66028,PackageStatus.PROCESSING,2025-06-04 11:16:57,,False,,True,"Overnight package weighing 16.97kg, dimensions: 68.34x31.97x19.76cm, volume: 43172.24cm³"
Fed249785277,Overnight,FedEx,12.53,37.28,43.4,64.32,104066.67,Durham,New Hampshire,30719,Richmond,Missouri,91737,PackageStatus.PROCESSING,2025-06-01 22:38:57,,False,3229.02,False,"Overnight package weighing 12.53kg, dimensions: 37.28x43.4x64.32cm, volume: 104066.67cm³"
UPS559614770,Hazardous Materials,UPS,38.0,15.19,68.54,67.7,70484.0,Cincinnati,Washington,57016,Anchorage,Kentucky,23986,PackageStatus.DELIVERED,2025-06-06 02:33:52,,True,,True,"Hazardous Materials package weighing 38.0kg, dimensions: 15.19x68.54x67.7cm, volume: 70484.0cm³"
Fed152976861,Overnight,FedEx,38.5,86.06,50.6,63.24,275387.18,Fort Wayne,Florida,53277,Chandler,Idaho,57516,PackageStatus.PROCESSING,2025-06-11 14:21:09,,False,,True,"Overnight package weighing 38.5kg, dimensions: 86.06x50.6x63.24cm, volume: 275387.18cm³"
USP535809380,Refrigerated,USPS,28.46,98.44,43.54,58.35,250092.63,Oklahoma City,California,38496,Phoenix,Hawaii,93613,PackageStatus.OUT_FOR_DELIVERY,2025-06-07 23:05:40,,True,,True,"Refrigerated package weighing 28.46kg, dimensions: 98.44x43.54x58.35cm, volume: 250092.63cm³"
Fed602902353,Overnight,FedEx,42.42,25.66,52.03,65.77,87808.86,Fremont,Maine,75487,Chandler,Florida,95121,PackageStatus.IN_TRANSIT,2025-06-06 22:42:46,,False,1908.08,False,"Overnight package weighing 42.42kg, dimensions: 25.66x52.03x65.77cm, volume: 87808.86cm³"
Ama298944604,Express,Amazon Logistics,43.45,38.93,89.96,56.45,197695.96,Laredo,Maine,73575,Garland,Florida,72839,PackageStatus.DELIVERED,2025-06-07 09:53:54,,False,,False,"Express package weighing 43.45kg, dimensions: 38.93x89.96x56.45cm, volume: 197695.96cm³"
Fed711263070,Express,FedEx,33.02,72.49,82.8,17.05,102337.03,Louisville,Alabama,35540,Corpus Christi,Nevada,84867,PackageStatus.OUT_FOR_DELIVERY,2025-06-04 10:47:52,,False,,False,"Express package weighing 33.02kg, dimensions: 72.49x82.8x17.05cm, volume: 102337.03cm³"
Fed4321936,Fragile,FedEx,48.19,93.35,55.23,7.65,39441.26,Austin,Wyoming,93514,Jersey City,New York,93662,PackageStatus.DELIVERED,2025-06-08 06:44:55,,True,,False,"Fragile package weighing 48.19kg, dimensions: 93.35x55.23x7.65cm, volume: 39441.26cm³"
Ama510359243,Standard,Amazon Logistics,44.11,91.61,40.55,56.58,210182.56,Riverside,North Carolina,13593,Norfolk,Montana,59513,PackageStatus.EXCEPTION,2025-06-04 23:09:10,,False,,False,"Standard package weighing 44.11kg, dimensions: 91.61x40.55x56.58cm, volume: 210182.56cm³"
USP159901721,Overnight,USPS,8.53,83.51,11.11,90.8,84243.89,Irvine,Alaska,74332,Lubbock,Oklahoma,58236,PackageStatus.IN_TRANSIT,2025-06-04 15:22:58,,False,4816.73,False,"Overnight package weighing 8.53kg, dimensions: 83.51x11.11x90.8cm, volume: 84243.89cm³"
Ama249766800,Refrigerated,Amazon Logistics,7.8,83.41,5.62,8.14,3815.74,Atlanta,Alabama,41032,Spokane,Virginia,75357,PackageStatus.OUT_FOR_DELIVERY,2025-06-03 10:08:55,,True,,False,"Refrigerated package weighing 7.8kg, dimensions: 83.41x5.62x8.14cm, volume: 3815.74cm³"
Ama126697393,Standard,Amazon Logistics,16.03,57.91,79.02,98.28,449734.02,Bakersfield,Nevada,12671,San Bernardino,Georgia,11044,PackageStatus.DELIVERED,2025-06-06 08:32:29,,False,702.29,False,"Standard package weighing 16.03kg, dimensions: 57.91x79.02x98.28cm, volume: 449734.02cm³"
UPS102825962,International,UPS,36.27,89.52,12.5,31.71,35483.49,North Las Vegas,Tennessee,38995,New York,Ohio,70028,PackageStatus.DELIVERED,2025-06-02 23:11:17,,False,3819.0,False,"International package weighing 36.27kg, dimensions: 89.52x12.5x31.71cm, volume: 35483.49cm³"
